model,seed,task,feature_name,n_shots,NRMSE_mean,NRMSE_std_pop,NMAE_mean,NMAE_std_pop,RMSE_mean,RMSE_std_pop,MAE_mean,MAE_std_pop,nan_fraction_mean,nan_fraction_std_pop
cnn,23,task_3-1,thomson_scattering-n_e,885.0,0.3326972167468745,0.13000564240628956,0.24174131295993298,0.0753703117101333,4.2499723083310413e+18,1.6607303949100713e+18,3.088074784349559e+18,9.628025769811456e+17,0.2760569213015729,0.10383912923239928
cnn,23,task_3-1,thomson_scattering-t_e,885.0,0.4589232653569372,0.33853488633976797,0.2476208351595609,0.08266028735737414,142.85641122409703,105.38118807082567,77.08091205115853,25.730994469070396,0.2760569213015729,0.10383912923239928
cnn,23,task_3-1,task_3-1,885.0,0.39581024105190593,0.18166004705691277,0.24468107405974693,0.059366960410432774,2.124986154165521e+18,8.303651974550356e+17,1.5440373921747794e+18,4.8140128849057254e+17,0.2760569213015729,0.10383912923239928
lstm,23,task_3-1,thomson_scattering-n_e,885.0,0.31490637280741296,0.12763030363291963,0.2248560636859125,0.07299478665637803,4.022706824045138e+18,1.630387117294352e+18,2.8723776332415816e+18,9.324569197648788e+17,0.2760569213015729,0.10383912923239928
lstm,23,task_3-1,thomson_scattering-t_e,885.0,0.4350517476026594,0.3538251685842662,0.22075894295639892,0.07954298191272531,135.4255407185538,110.1408396573576,68.71917969085281,24.760620765820594,0.2760569213015729,0.10383912923239928
lstm,23,task_3-1,task_3-1,885.0,0.37497906020503624,0.18871628813289307,0.2228075033211557,0.05827595899138298,2.0113534120225687e+18,8.151935586471761e+17,1.4361888166207913e+18,4.662284598824392e+17,0.2760569213015729,0.10383912923239928
plume_direct_jepa,23,task_3-1,thomson_scattering-n_e,885.0,0.3091852427980658,0.13031114745851444,0.21994047459974952,0.07370057303770768,3.949623423018112e+18,1.664633006493982e+18,2.8095844493983237e+18,9.414728430286136e+17,0.2760569213015729,0.10383912923239928
plume_direct_jepa,23,task_3-1,thomson_scattering-t_e,885.0,0.4303937917187313,0.3490987345863238,0.22058004151448163,0.07782831337584839,133.9755840232867,108.66956668036327,68.66349016738697,24.22686836730888,0.2760569213015729,0.10383912923239928
plume_direct_jepa,23,task_3-1,task_3-1,885.0,0.3697895172583986,0.18692842895217734,0.22026025805711558,0.057923858150559844,1.9748117115090557e+18,8.323165032469903e+17,1.4047922246991616e+18,4.707364215143069e+17,0.2760569213015729,0.10383912923239928
plume_direct_mse,23,task_3-1,thomson_scattering-n_e,885.0,0.30201404359192235,0.13227317158982943,0.21266082251635177,0.07411213597483231,3.858016410667229e+18,1.6896964810487145e+18,2.716592028027202e+18,9.467302692945075e+17,0.2760569213015729,0.10383912923239928
plume_direct_mse,23,task_3-1,thomson_scattering-t_e,885.0,0.4244583138035867,0.34973138675936577,0.21152940661303335,0.07901032258209555,132.12795253919106,108.86650247729563,65.84615376515674,24.594811345983043,0.2760569213015729,0.10383912923239928
plume_direct_mse,23,task_3-1,task_3-1,885.0,0.36323617869775454,0.18824163081128847,0.21209511456469257,0.05928279814924382,1.9290082053336146e+18,8.448482405243575e+17,1.358296014013601e+18,4.73365134647254e+17,0.2760569213015729,0.10383912923239928
plume_koopman_jepa,23,task_3-1,thomson_scattering-n_e,885.0,0.3280322271250241,0.13715507392266163,0.23404261923507574,0.08061847394856736,4.1903803559084273e+18,1.7520593403758474e+18,2.989729401539041e+18,1.0298441482965523e+18,0.2760569213015729,0.10383912923239928
plume_koopman_jepa,23,task_3-1,thomson_scattering-t_e,885.0,0.4388821874672325,0.3594991662680788,0.22172946438194724,0.07695874450849724,136.6179032195855,111.90707599269118,69.02128947332831,23.956183708065534,0.2760569213015729,0.10383912923239928
plume_koopman_jepa,23,task_3-1,task_3-1,885.0,0.3834572072961283,0.19228762612449243,0.2278860418085115,0.06043653158729768,2.095190177954214e+18,8.760296701879233e+17,1.4948647007695204e+18,5.149220741482762e+17,0.2760569213015729,0.10383912923239928
plume_koopman_mse,23,task_3-1,thomson_scattering-n_e,885.0,0.3136935311031576,0.1330847850613884,0.22309706278915528,0.07634066999051085,4.007213626633161e+18,1.7000642707552883e+18,2.8499076373256397e+18,9.751982196651711e+17,0.2760569213015729,0.10383912923239928
plume_koopman_mse,23,task_3-1,thomson_scattering-t_e,885.0,0.42968533267084036,0.3594343232687665,0.21477181070975623,0.07765794357154152,133.7550506036044,111.88689127146625,66.8554689338612,24.173834623627787,0.2760569213015729,0.10383912923239928
plume_koopman_mse,23,task_3-1,task_3-1,885.0,0.37168943188699893,0.19178653412267388,0.21893443674945576,0.05936901679589328,2.0036068133165806e+18,8.500321353776436e+17,1.4249538186628198e+18,4.8759910983258586e+17,0.2760569213015729,0.10383912923239928
plume_vanilla_jepa,23,task_3-1,thomson_scattering-n_e,885.0,0.3369948881654669,0.14432295705613918,0.24390045853746292,0.08856837147084187,4.304872029759189e+18,1.84362399223709e+18,3.115656346359256e+18,1.1313984824569208e+18,0.2760569213015729,0.10383912923239928
plume_vanilla_jepa,23,task_3-1,thomson_scattering-t_e,885.0,0.4480924002035289,0.3505121918945253,0.23648542620292543,0.0766028849774002,139.48491397593585,109.10955622482702,73.61461456497561,23.845409599734204,0.2760569213015729,0.10383912923239928
plume_vanilla_jepa,23,task_3-1,task_3-1,885.0,0.39254364418449794,0.189702125168458,0.24019294237019417,0.06353112862830551,2.152436014879594e+18,9.218119961185454e+17,1.557828173179628e+18,5.6569924122845997e+17,0.2760569213015729,0.10383912923239928
plume_vanilla_mse,23,task_3-1,thomson_scattering-n_e,885.0,0.3054653921795871,0.13334325617017273,0.21629219122142837,0.07495437308117167,3.9021049548017377e+18,1.7033660568825615e+18,2.7629802022019727e+18,9.574892543379999e+17,0.2760569213015729,0.10383912923239928
plume_vanilla_mse,23,task_3-1,thomson_scattering-t_e,885.0,0.42454859366864767,0.35343456578033283,0.21075807474710204,0.07738605394411653,132.15605540191777,110.01925045280812,65.60604891419862,24.08919917505716,0.2760569213015729,0.10383912923239928
plume_vanilla_mse,23,task_3-1,task_3-1,885.0,0.36500699292411737,0.1891987561400271,0.21352513298426518,0.05789676880724307,1.9510524774008689e+18,8.516830284412808e+17,1.381490101100986e+18,4.7874462716900045e+17,0.2760569213015729,0.10383912923239928
